"SensorID","TimeStamp","SensorValue","SensorUnits"
"3B1","24-03-2016 00:00:00",9.225,"FAHRENHEIT"
"3B1","24-03-2016 00:10:00",8.61,"FAHRENHEIT"
"3B1","24-03-2016 00:20:00",8.61,"FAHRENHEIT"
"3B1","24-03-2016 00:30:00",8.61,"FAHRENHEIT"
"3B1","24-03-2016 00:40:00",8.61,"FAHRENHEIT"
"3B1","24-03-2016 00:50:00",8.61,"FAHRENHEIT"
"3B1","24-03-2016 01:00:00",8.61,"FAHRENHEIT"
"3B1","24-03-2016 01:10:00",8.61,"FAHRENHEIT"
"3B1","24-03-2016 01:20:00",8.61,"FAHRENHEIT"
"3B1","24-03-2016 01:30:00",8.61,"FAHRENHEIT"
"3B1","24-03-2016 01:40:00",8.61,"FAHRENHEIT"
"3B1","24-03-2016 01:50:00",8.61,"FAHRENHEIT"
"3B1","24-03-2016 02:00:00",8.61,"FAHRENHEIT"
"3B1","24-03-2016 02:10:00",8.61,"FAHRENHEIT"
"3B1","24-03-2016 02:20:00",8.61,"FAHRENHEIT"
"3B1","24-03-2016 02:30:00",8.61,"FAHRENHEIT"
"3B1","24-03-2016 02:40:00",8.61,"FAHRENHEIT"
"3B1","24-03-2016 02:50:00",8.61,"FAHRENHEIT"
"3B1","24-03-2016 03:00:00",8.61,"FAHRENHEIT"
"3B1","24-03-2016 03:10:00",8.61,"FAHRENHEIT"
"3B1","24-03-2016 03:20:00",8.61,"FAHRENHEIT"
"3B1","24-03-2016 03:30:00",8.61,"FAHRENHEIT"
"3B1","24-03-2016 03:40:00",8.61,"FAHRENHEIT"
"3B1","24-03-2016 03:50:00",8.61,"FAHRENHEIT"
"3B1","24-03-2016 04:00:00",8.61,"FAHRENHEIT"
"3B1","24-03-2016 04:10:00",8.61,"FAHRENHEIT"
"3B1","24-03-2016 04:20:00",8.61,"FAHRENHEIT"
"3B1","24-03-2016 04:30:00",8.61,"FAHRENHEIT"
"3B1","24-03-2016 04:40:00",8.61,"FAHRENHEIT"
"3B1","24-03-2016 04:50:00",8.61,"FAHRENHEIT"
"3B1","24-03-2016 05:00:00",8.61,"FAHRENHEIT"
"3B1","24-03-2016 05:10:00",8.61,"FAHRENHEIT"
"3B1","24-03-2016 05:20:00",8.61,"FAHRENHEIT"
"3B1","24-03-2016 05:30:00",8.61,"FAHRENHEIT"
"3B1","24-03-2016 05:40:00",8.61,"FAHRENHEIT"
"3B1","24-03-2016 05:50:00",8.61,"FAHRENHEIT"
"3B1","24-03-2016 06:00:00",8.61,"FAHRENHEIT"
"3B1","24-03-2016 06:10:00",8.61,"FAHRENHEIT"
"3B1","24-03-2016 06:20:00",27.675,"FAHRENHEIT"
"3B1","24-03-2016 06:30:00",22.14,"FAHRENHEIT"
"3B1","24-03-2016 06:40:00",15.99,"FAHRENHEIT"
"3B1","24-03-2016 06:50:00",13.53,"FAHRENHEIT"
"3B1","24-03-2016 07:00:00",11.685,"FAHRENHEIT"
"3B1","24-03-2016 07:10:00",11.07,"FAHRENHEIT"
"3B1","24-03-2016 07:20:00",10.455,"FAHRENHEIT"
"3B1","24-03-2016 07:30:00",10.455,"FAHRENHEIT"
"3B1","24-03-2016 07:40:00",9.84,"FAHRENHEIT"
"3B1","24-03-2016 07:50:00",9.84,"FAHRENHEIT"
"3B1","24-03-2016 08:00:00",9.84,"FAHRENHEIT"
"3B1","24-03-2016 08:10:00",9.225,"FAHRENHEIT"
"3B1","24-03-2016 08:20:00",9.225,"FAHRENHEIT"
"3B1","24-03-2016 08:30:00",9.225,"FAHRENHEIT"
"3B1","24-03-2016 08:40:00",9.225,"FAHRENHEIT"
"3B1","24-03-2016 08:50:00",9.84,"FAHRENHEIT"
"3B1","24-03-2016 09:00:00",9.225,"FAHRENHEIT"
"3B1","24-03-2016 09:10:00",9.225,"FAHRENHEIT"
"3B1","24-03-2016 09:20:00",9.225,"FAHRENHEIT"
"3B1","24-03-2016 09:30:00",9.225,"FAHRENHEIT"
"3B1","24-03-2016 09:40:00",8.61,"FAHRENHEIT"
"3B1","24-03-2016 09:50:00",9.225,"FAHRENHEIT"
"3B1","24-03-2016 10:00:00",9.225,"FAHRENHEIT"
"3B1","24-03-2016 10:10:00",9.225,"FAHRENHEIT"
"3B1","24-03-2016 10:20:00",9.225,"FAHRENHEIT"
"3B1","24-03-2016 10:30:00",9.225,"FAHRENHEIT"
"3B1","24-03-2016 10:40:00",9.225,"FAHRENHEIT"
"3B1","24-03-2016 10:50:00",9.84,"FAHRENHEIT"
"3B1","24-03-2016 11:00:00",9.84,"FAHRENHEIT"
"3B1","24-03-2016 11:10:00",9.84,"FAHRENHEIT"
"3B1","24-03-2016 11:20:00",9.84,"FAHRENHEIT"
"3B1","24-03-2016 11:30:00",14.76,"FAHRENHEIT"
"3B1","24-03-2016 11:40:00",11.07,"FAHRENHEIT"
"3B1","24-03-2016 11:50:00",10.455,"FAHRENHEIT"
"3B1","24-03-2016 12:00:00",10.455,"FAHRENHEIT"
"3B1","24-03-2016 12:10:00",9.84,"FAHRENHEIT"
"3B1","24-03-2016 12:20:00",9.84,"FAHRENHEIT"
"3B1","24-03-2016 12:30:00",9.84,"FAHRENHEIT"
"3B1","24-03-2016 12:40:00",9.84,"FAHRENHEIT"
"3B1","24-03-2016 12:50:00",15.99,"FAHRENHEIT"
"3B1","24-03-2016 13:00:00",28.905,"FAHRENHEIT"
"3B1","24-03-2016 13:10:00",43.665,"FAHRENHEIT"
"3B1","24-03-2016 13:20:00",49.815,"FAHRENHEIT"
"3B1","24-03-2016 13:30:00",52.89,"FAHRENHEIT"
"3B1","24-03-2016 13:40:00",52.275,"FAHRENHEIT"
"3B1","24-03-2016 13:50:00",52.89,"FAHRENHEIT"
"3B1","24-03-2016 14:00:00",34.44,"FAHRENHEIT"
"3B1","24-03-2016 14:10:00",25.215,"FAHRENHEIT"
"3B1","24-03-2016 14:20:00",28.29,"FAHRENHEIT"
"3B1","24-03-2016 14:30:00",28.29,"FAHRENHEIT"
"3B1","24-03-2016 14:40:00",19.065,"FAHRENHEIT"
"3B1","24-03-2016 14:50:00",16.605,"FAHRENHEIT"
"3B1","24-03-2016 15:00:00",15.99,"FAHRENHEIT"
"3B1","24-03-2016 15:10:00",16.605,"FAHRENHEIT"
"3B1","24-03-2016 15:20:00",14.76,"FAHRENHEIT"
"3B1","24-03-2016 15:30:00",14.145,"FAHRENHEIT"
"3B1","24-03-2016 15:40:00",33.21,"FAHRENHEIT"
"3B1","24-03-2016 15:50:00",20.295,"FAHRENHEIT"
"3B1","24-03-2016 16:00:00",16.605,"FAHRENHEIT"
"3B1","24-03-2016 16:10:00",14.76,"FAHRENHEIT"
"3B1","24-03-2016 16:20:00",13.53,"FAHRENHEIT"
"3B1","24-03-2016 16:30:00",12.915,"FAHRENHEIT"
"3B1","24-03-2016 16:40:00",12.915,"FAHRENHEIT"
"3B1","24-03-2016 16:50:00",18.45,"FAHRENHEIT"
"3B1","24-03-2016 17:00:00",13.53,"FAHRENHEIT"
"3B1","24-03-2016 17:10:00",14.145,"FAHRENHEIT"
"3B1","24-03-2016 17:20:00",12.915,"FAHRENHEIT"
"3B1","24-03-2016 17:30:00",12.3,"FAHRENHEIT"
"3B1","24-03-2016 17:40:00",11.685,"FAHRENHEIT"
"3B1","24-03-2016 17:50:00",11.07,"FAHRENHEIT"
"3B1","24-03-2016 18:00:00",12.915,"FAHRENHEIT"
"3B1","24-03-2016 18:10:00",14.76,"FAHRENHEIT"
"3B1","24-03-2016 18:20:00",14.145,"FAHRENHEIT"
"3B1","24-03-2016 18:30:00",11.685,"FAHRENHEIT"
"3B1","24-03-2016 18:40:00",11.07,"FAHRENHEIT"
"3B1","24-03-2016 18:50:00",11.685,"FAHRENHEIT"
"3B1","24-03-2016 19:00:00",11.07,"FAHRENHEIT"
"3B1","24-03-2016 19:10:00",11.07,"FAHRENHEIT"
"3B1","24-03-2016 19:20:00",11.07,"FAHRENHEIT"
"3B1","24-03-2016 19:30:00",11.07,"FAHRENHEIT"
"3B1","24-03-2016 19:40:00",10.455,"FAHRENHEIT"
"3B1","24-03-2016 19:50:00",9.84,"FAHRENHEIT"
"3B1","24-03-2016 20:00:00",9.84,"FAHRENHEIT"
"3B1","24-03-2016 20:10:00",9.84,"FAHRENHEIT"
"3B1","24-03-2016 20:20:00",9.84,"FAHRENHEIT"
"3B1","24-03-2016 20:30:00",9.84,"FAHRENHEIT"
"3B1","24-03-2016 20:40:00",9.225,"FAHRENHEIT"
"3B1","24-03-2016 20:50:00",9.225,"FAHRENHEIT"
"3B1","24-03-2016 21:00:00",9.225,"FAHRENHEIT"
"3B1","24-03-2016 21:10:00",9.84,"FAHRENHEIT"
"3B1","24-03-2016 21:20:00",9.84,"FAHRENHEIT"
"3B1","24-03-2016 21:30:00",10.455,"FAHRENHEIT"
"3B1","24-03-2016 21:40:00",10.455,"FAHRENHEIT"
"3B1","24-03-2016 21:50:00",9.84,"FAHRENHEIT"
"3B1","24-03-2016 22:00:00",9.225,"FAHRENHEIT"
"3B1","24-03-2016 22:10:00",9.84,"FAHRENHEIT"
"3B1","24-03-2016 22:20:00",9.225,"FAHRENHEIT"
"3B1","24-03-2016 22:30:00",9.225,"FAHRENHEIT"
"3B1","24-03-2016 22:40:00",9.225,"FAHRENHEIT"
"3B1","24-03-2016 22:50:00",9.225,"FAHRENHEIT"
"3B1","24-03-2016 23:00:00",9.225,"FAHRENHEIT"
"3B1","24-03-2016 23:10:00",9.84,"FAHRENHEIT"
"3B1","24-03-2016 23:20:00",10.455,"FAHRENHEIT"
"3B1","24-03-2016 23:30:00",10.455,"FAHRENHEIT"
"3B1","24-03-2016 23:40:00",9.84,"FAHRENHEIT"
"3B1","24-03-2016 23:50:00",36.9,"FAHRENHEIT"
"3B1","25-03-2016 00:00:00",18.45,"FAHRENHEIT"
"3B1","25-03-2016 00:10:00",13.53,"FAHRENHEIT"
"3B1","25-03-2016 00:20:00",12.3,"FAHRENHEIT"
"3B1","25-03-2016 00:30:00",11.685,"FAHRENHEIT"
"3B1","25-03-2016 00:40:00",11.685,"FAHRENHEIT"
"3B1","25-03-2016 00:50:00",16.605,"FAHRENHEIT"
"3B1","25-03-2016 01:00:00",28.905,"FAHRENHEIT"
"3B1","25-03-2016 01:10:00",43.05,"FAHRENHEIT"
"3B1","25-03-2016 01:20:00",49.815,"FAHRENHEIT"
"3B1","25-03-2016 01:30:00",53.505,"FAHRENHEIT"
"3B1","25-03-2016 01:40:00",52.275,"FAHRENHEIT"
"3B1","25-03-2016 01:50:00",52.275,"FAHRENHEIT"
"3B1","25-03-2016 02:00:00",37.515,"FAHRENHEIT"
"3B1","25-03-2016 02:10:00",27.06,"FAHRENHEIT"
"3B1","25-03-2016 02:20:00",22.14,"FAHRENHEIT"
"3B1","25-03-2016 02:30:00",19.68,"FAHRENHEIT"
"3B1","25-03-2016 02:40:00",18.45,"FAHRENHEIT"
"3B1","25-03-2016 02:50:00",16.605,"FAHRENHEIT"
"3B1","25-03-2016 03:00:00",15.99,"FAHRENHEIT"
"3B1","25-03-2016 03:10:00",14.76,"FAHRENHEIT"
"3B1","25-03-2016 03:20:00",14.76,"FAHRENHEIT"
"3B1","25-03-2016 03:30:00",14.145,"FAHRENHEIT"
"3B1","25-03-2016 03:40:00",13.53,"FAHRENHEIT"
"3B1","25-03-2016 03:50:00",12.915,"FAHRENHEIT"
"3B1","25-03-2016 04:00:00",13.53,"FAHRENHEIT"
"3B1","25-03-2016 04:10:00",12.915,"FAHRENHEIT"
"3B1","25-03-2016 04:20:00",12.3,"FAHRENHEIT"
"3B1","25-03-2016 04:30:00",12.3,"FAHRENHEIT"
"3B1","25-03-2016 04:40:00",12.3,"FAHRENHEIT"
"3B1","25-03-2016 04:50:00",12.3,"FAHRENHEIT"
"3B1","25-03-2016 05:00:00",11.685,"FAHRENHEIT"
"3B1","25-03-2016 05:10:00",11.685,"FAHRENHEIT"
"3B1","25-03-2016 05:20:00",11.685,"FAHRENHEIT"
"3B1","25-03-2016 05:30:00",11.685,"FAHRENHEIT"
"3B1","25-03-2016 05:40:00",11.685,"FAHRENHEIT"
"3B1","25-03-2016 05:50:00",11.07,"FAHRENHEIT"
"3B1","25-03-2016 06:00:00",11.685,"FAHRENHEIT"
"3B1","25-03-2016 06:10:00",11.07,"FAHRENHEIT"
"3B1","25-03-2016 06:20:00",11.07,"FAHRENHEIT"
"3B1","25-03-2016 06:30:00",10.455,"FAHRENHEIT"
"3B1","25-03-2016 06:40:00",39.36,"FAHRENHEIT"
"3B1","25-03-2016 06:50:00",23.985,"FAHRENHEIT"
"3B1","25-03-2016 07:00:00",15.375,"FAHRENHEIT"
"3B1","25-03-2016 07:10:00",13.53,"FAHRENHEIT"
"3B1","25-03-2016 07:20:00",12.915,"FAHRENHEIT"
"3B1","25-03-2016 07:30:00",11.685,"FAHRENHEIT"
"3B1","25-03-2016 07:40:00",18.45,"FAHRENHEIT"
"3B1","25-03-2016 07:50:00",12.915,"FAHRENHEIT"
"3B1","25-03-2016 08:00:00",11.685,"FAHRENHEIT"
"3B1","25-03-2016 08:10:00",11.07,"FAHRENHEIT"
"3B1","25-03-2016 08:20:00",10.455,"FAHRENHEIT"
"3B1","25-03-2016 08:30:00",9.84,"FAHRENHEIT"
"3B1","25-03-2016 08:40:00",9.84,"FAHRENHEIT"
"3B1","25-03-2016 08:50:00",9.225,"FAHRENHEIT"
"3B1","25-03-2016 09:00:00",9.84,"FAHRENHEIT"
"3B1","25-03-2016 09:10:00",14.76,"FAHRENHEIT"
"3B1","25-03-2016 09:20:00",24.6,"FAHRENHEIT"
"3B1","25-03-2016 09:30:00",13.53,"FAHRENHEIT"
"3B1","25-03-2016 09:40:00",15.99,"FAHRENHEIT"
"3B1","25-03-2016 09:50:00",12.3,"FAHRENHEIT"
"3B1","25-03-2016 10:00:00",11.07,"FAHRENHEIT"
"3B1","25-03-2016 10:10:00",10.455,"FAHRENHEIT"
"3B1","25-03-2016 10:20:00",9.84,"FAHRENHEIT"
"3B1","25-03-2016 10:30:00",12.915,"FAHRENHEIT"
"3B1","25-03-2016 10:40:00",11.07,"FAHRENHEIT"
"3B1","25-03-2016 10:50:00",11.07,"FAHRENHEIT"
"3B1","25-03-2016 11:00:00",10.455,"FAHRENHEIT"
"3B1","25-03-2016 11:10:00",11.685,"FAHRENHEIT"
"3B1","25-03-2016 11:20:00",11.07,"FAHRENHEIT"
"3B1","25-03-2016 11:30:00",11.07,"FAHRENHEIT"
"3B1","25-03-2016 11:40:00",11.07,"FAHRENHEIT"
"3B1","25-03-2016 11:50:00",10.455,"FAHRENHEIT"
"3B1","25-03-2016 12:00:00",10.455,"FAHRENHEIT"
"3B1","25-03-2016 12:10:00",11.685,"FAHRENHEIT"
"3B1","25-03-2016 12:20:00",10.455,"FAHRENHEIT"
"3B1","25-03-2016 12:30:00",10.455,"FAHRENHEIT"
"3B1","25-03-2016 12:40:00",19.065,"FAHRENHEIT"
"3B1","25-03-2016 12:50:00",34.44,"FAHRENHEIT"
"3B1","25-03-2016 13:00:00",39.36,"FAHRENHEIT"
"3B1","25-03-2016 13:10:00",50.43,"FAHRENHEIT"
"3B1","25-03-2016 13:20:00",54.735,"FAHRENHEIT"
"3B1","25-03-2016 13:30:00",55.965,"FAHRENHEIT"
"3B1","25-03-2016 13:40:00",54.12,"FAHRENHEIT"
"3B1","25-03-2016 13:50:00",52.89,"FAHRENHEIT"
"3B1","25-03-2016 14:00:00",40.59,"FAHRENHEIT"
"3B1","25-03-2016 14:10:00",35.67,"FAHRENHEIT"
"3B1","25-03-2016 14:20:00",30.75,"FAHRENHEIT"
"3B1","25-03-2016 14:30:00",23.37,"FAHRENHEIT"
"3B1","25-03-2016 14:40:00",19.68,"FAHRENHEIT"
"3B1","25-03-2016 14:50:00",17.835,"FAHRENHEIT"
"3B1","25-03-2016 15:00:00",28.29,"FAHRENHEIT"
"3B1","25-03-2016 15:10:00",19.68,"FAHRENHEIT"
"3B1","25-03-2016 15:20:00",20.295,"FAHRENHEIT"
"3B1","25-03-2016 15:30:00",16.605,"FAHRENHEIT"
"3B1","25-03-2016 15:40:00",15.375,"FAHRENHEIT"
"3B1","25-03-2016 15:50:00",15.375,"FAHRENHEIT"
"3B1","25-03-2016 16:00:00",14.76,"FAHRENHEIT"
"3B1","25-03-2016 16:10:00",38.13,"FAHRENHEIT"
"3B1","25-03-2016 16:20:00",33.825,"FAHRENHEIT"
"3B1","25-03-2016 16:30:00",17.835,"FAHRENHEIT"
"3B1","25-03-2016 16:40:00",15.99,"FAHRENHEIT"
"3B1","25-03-2016 16:50:00",14.76,"FAHRENHEIT"
"3B1","25-03-2016 17:00:00",14.145,"FAHRENHEIT"
"3B1","25-03-2016 17:10:00",14.145,"FAHRENHEIT"
"3B1","25-03-2016 17:20:00",16.605,"FAHRENHEIT"
"3B1","25-03-2016 17:30:00",16.605,"FAHRENHEIT"
"3B1","25-03-2016 17:40:00",14.145,"FAHRENHEIT"
"3B1","25-03-2016 17:50:00",13.53,"FAHRENHEIT"
"3B1","25-03-2016 18:00:00",13.53,"FAHRENHEIT"
"3B1","25-03-2016 18:10:00",13.53,"FAHRENHEIT"
"3B1","25-03-2016 18:20:00",12.3,"FAHRENHEIT"
"3B1","25-03-2016 18:30:00",12.3,"FAHRENHEIT"
"3B1","25-03-2016 18:40:00",13.53,"FAHRENHEIT"
"3B1","25-03-2016 18:50:00",16.605,"FAHRENHEIT"
"3B1","25-03-2016 19:00:00",14.76,"FAHRENHEIT"
"3B1","25-03-2016 19:10:00",12.915,"FAHRENHEIT"
"3B1","25-03-2016 19:20:00",17.22,"FAHRENHEIT"
"3B1","25-03-2016 19:30:00",13.53,"FAHRENHEIT"
"3B1","25-03-2016 19:40:00",12.915,"FAHRENHEIT"
"3B1","25-03-2016 19:50:00",12.3,"FAHRENHEIT"
"3B1","25-03-2016 20:00:00",12.3,"FAHRENHEIT"
"3B1","25-03-2016 20:10:00",12.3,"FAHRENHEIT"
"3B1","25-03-2016 20:20:00",11.685,"FAHRENHEIT"
"3B1","25-03-2016 20:30:00",11.685,"FAHRENHEIT"
"3B1","25-03-2016 20:40:00",29.52,"FAHRENHEIT"
"3B1","25-03-2016 20:50:00",22.14,"FAHRENHEIT"
"3B1","25-03-2016 21:00:00",14.145,"FAHRENHEIT"
"3B1","25-03-2016 21:10:00",12.915,"FAHRENHEIT"
"3B1","25-03-2016 21:20:00",15.99,"FAHRENHEIT"
"3B1","25-03-2016 21:30:00",13.53,"FAHRENHEIT"
"3B1","25-03-2016 21:40:00",12.3,"FAHRENHEIT"
"3B1","25-03-2016 21:50:00",11.685,"FAHRENHEIT"
"3B1","25-03-2016 22:00:00",11.685,"FAHRENHEIT"
"3B1","25-03-2016 22:10:00",11.685,"FAHRENHEIT"
"3B1","25-03-2016 22:20:00",11.685,"FAHRENHEIT"
"3B1","25-03-2016 22:30:00",11.685,"FAHRENHEIT"
"3B1","25-03-2016 22:40:00",11.685,"FAHRENHEIT"
"3B1","25-03-2016 22:50:00",11.685,"FAHRENHEIT"
"3B1","25-03-2016 23:00:00",11.685,"FAHRENHEIT"
"3B1","25-03-2016 23:10:00",12.3,"FAHRENHEIT"
"3B1","25-03-2016 23:20:00",12.915,"FAHRENHEIT"
"3B1","25-03-2016 23:30:00",12.915,"FAHRENHEIT"
"3B1","25-03-2016 23:40:00",12.3,"FAHRENHEIT"
"3B1","25-03-2016 23:50:00",11.685,"FAHRENHEIT"
"3B1","26-03-2016 00:00:00",11.685,"FAHRENHEIT"
"3B1","26-03-2016 00:10:00",11.685,"FAHRENHEIT"
"3B1","26-03-2016 00:20:00",11.685,"FAHRENHEIT"
"3B1","26-03-2016 00:30:00",11.07,"FAHRENHEIT"
"3B1","26-03-2016 00:40:00",11.07,"FAHRENHEIT"
"3B1","26-03-2016 00:50:00",16.605,"FAHRENHEIT"
"3B1","26-03-2016 01:00:00",28.905,"FAHRENHEIT"
"3B1","26-03-2016 01:10:00",44.895,"FAHRENHEIT"
"3B1","26-03-2016 01:20:00",52.89,"FAHRENHEIT"
"3B1","26-03-2016 01:30:00",55.35,"FAHRENHEIT"
"3B1","26-03-2016 01:40:00",54.12,"FAHRENHEIT"
"3B1","26-03-2016 01:50:00",52.275,"FAHRENHEIT"
"3B1","26-03-2016 02:00:00",36.9,"FAHRENHEIT"
"3B1","26-03-2016 02:10:00",30.75,"FAHRENHEIT"
"3B1","26-03-2016 02:20:00",25.215,"FAHRENHEIT"
"3B1","26-03-2016 02:30:00",21.525,"FAHRENHEIT"
"3B1","26-03-2016 02:40:00",19.065,"FAHRENHEIT"
"3B1","26-03-2016 02:50:00",17.835,"FAHRENHEIT"
"3B1","26-03-2016 03:00:00",16.605,"FAHRENHEIT"
"3B1","26-03-2016 03:10:00",15.375,"FAHRENHEIT"
"3B1","26-03-2016 03:20:00",14.76,"FAHRENHEIT"
"3B1","26-03-2016 03:30:00",14.76,"FAHRENHEIT"
"3B1","26-03-2016 03:40:00",14.145,"FAHRENHEIT"
"3B1","26-03-2016 03:50:00",13.53,"FAHRENHEIT"
"3B1","26-03-2016 04:00:00",14.145,"FAHRENHEIT"
"3B1","26-03-2016 04:10:00",13.53,"FAHRENHEIT"
"3B1","26-03-2016 04:20:00",13.53,"FAHRENHEIT"
"3B1","26-03-2016 04:30:00",13.53,"FAHRENHEIT"
"3B1","26-03-2016 04:40:00",12.915,"FAHRENHEIT"
"3B1","26-03-2016 04:50:00",12.915,"FAHRENHEIT"
"3B1","26-03-2016 05:00:00",12.915,"FAHRENHEIT"
"3B1","26-03-2016 05:10:00",12.915,"FAHRENHEIT"
"3B1","26-03-2016 05:20:00",12.915,"FAHRENHEIT"
"3B1","26-03-2016 05:30:00",25.83,"FAHRENHEIT"
"3B1","26-03-2016 05:40:00",29.52,"FAHRENHEIT"
"3B1","26-03-2016 05:50:00",14.145,"FAHRENHEIT"
"3B1","26-03-2016 06:00:00",13.53,"FAHRENHEIT"
"3B1","26-03-2016 06:10:00",13.53,"FAHRENHEIT"
"3B1","26-03-2016 06:20:00",12.915,"FAHRENHEIT"
"3B1","26-03-2016 06:30:00",35.055,"FAHRENHEIT"
"3B1","26-03-2016 06:40:00",38.745,"FAHRENHEIT"
"3B1","26-03-2016 06:50:00",20.295,"FAHRENHEIT"
"3B1","26-03-2016 07:00:00",17.22,"FAHRENHEIT"
"3B1","26-03-2016 07:10:00",14.145,"FAHRENHEIT"
"3B1","26-03-2016 07:20:00",12.915,"FAHRENHEIT"
"3B1","26-03-2016 07:30:00",12.3,"FAHRENHEIT"
"3B1","26-03-2016 07:40:00",11.685,"FAHRENHEIT"
"3B1","26-03-2016 07:50:00",11.685,"FAHRENHEIT"
"3B1","26-03-2016 08:00:00",11.685,"FAHRENHEIT"
"3B1","26-03-2016 08:10:00",11.07,"FAHRENHEIT"
"3B1","26-03-2016 08:20:00",10.455,"FAHRENHEIT"
"3B1","26-03-2016 08:30:00",10.455,"FAHRENHEIT"
"3B1","26-03-2016 08:40:00",10.455,"FAHRENHEIT"
"3B1","26-03-2016 08:50:00",9.84,"FAHRENHEIT"
"3B1","26-03-2016 09:00:00",9.84,"FAHRENHEIT"
"3B1","26-03-2016 09:10:00",9.84,"FAHRENHEIT"
"3B1","26-03-2016 09:20:00",9.84,"FAHRENHEIT"
"3B1","26-03-2016 09:30:00",9.84,"FAHRENHEIT"
"3B1","26-03-2016 09:40:00",9.225,"FAHRENHEIT"
"3B1","26-03-2016 09:50:00",23.985,"FAHRENHEIT"
"3B1","26-03-2016 10:00:00",22.14,"FAHRENHEIT"
"3B1","26-03-2016 10:10:00",11.685,"FAHRENHEIT"
"3B1","26-03-2016 10:20:00",11.07,"FAHRENHEIT"
"3B1","26-03-2016 10:30:00",11.685,"FAHRENHEIT"
"3B1","26-03-2016 10:40:00",21.525,"FAHRENHEIT"
"3B1","26-03-2016 10:50:00",14.76,"FAHRENHEIT"
"3B1","26-03-2016 11:00:00",11.685,"FAHRENHEIT"
"3B1","26-03-2016 11:10:00",22.755,"FAHRENHEIT"
"3B1","26-03-2016 11:20:00",14.145,"FAHRENHEIT"
"3B1","26-03-2016 11:30:00",11.685,"FAHRENHEIT"
"3B1","26-03-2016 11:40:00",11.685,"FAHRENHEIT"
"3B1","26-03-2016 11:50:00",15.375,"FAHRENHEIT"
"3B1","26-03-2016 12:00:00",12.3,"FAHRENHEIT"
"3B1","26-03-2016 12:10:00",11.07,"FAHRENHEIT"
"3B1","26-03-2016 12:20:00",10.455,"FAHRENHEIT"
"3B1","26-03-2016 12:30:00",13.53,"FAHRENHEIT"
"3B1","26-03-2016 12:40:00",12.915,"FAHRENHEIT"
"3B1","26-03-2016 12:50:00",15.375,"FAHRENHEIT"
"3B1","26-03-2016 13:00:00",28.29,"FAHRENHEIT"
"3B1","26-03-2016 13:10:00",43.665,"FAHRENHEIT"
"3B1","26-03-2016 13:20:00",49.815,"FAHRENHEIT"
"3B1","26-03-2016 13:30:00",54.735,"FAHRENHEIT"
"3B1","26-03-2016 13:40:00",54.735,"FAHRENHEIT"
"3B1","26-03-2016 13:50:00",54.12,"FAHRENHEIT"
"3B1","26-03-2016 14:00:00",42.435,"FAHRENHEIT"
"3B1","26-03-2016 14:10:00",37.515,"FAHRENHEIT"
"3B1","26-03-2016 14:20:00",28.905,"FAHRENHEIT"
"3B1","26-03-2016 14:30:00",22.14,"FAHRENHEIT"
"3B1","26-03-2016 14:40:00",37.515,"FAHRENHEIT"
"3B1","26-03-2016 14:50:00",39.975,"FAHRENHEIT"
"3B1","26-03-2016 15:00:00",22.14,"FAHRENHEIT"
"3B1","26-03-2016 15:10:00",17.835,"FAHRENHEIT"
"3B1","26-03-2016 15:20:00",16.605,"FAHRENHEIT"
"3B1","26-03-2016 15:30:00",15.375,"FAHRENHEIT"
"3B1","26-03-2016 15:40:00",14.145,"FAHRENHEIT"
"3B1","26-03-2016 15:50:00",13.53,"FAHRENHEIT"
"3B1","26-03-2016 16:00:00",13.53,"FAHRENHEIT"
"3B1","26-03-2016 16:10:00",13.53,"FAHRENHEIT"
"3B1","26-03-2016 16:20:00",12.915,"FAHRENHEIT"
"3B1","26-03-2016 16:30:00",12.3,"FAHRENHEIT"
"3B1","26-03-2016 16:40:00",11.685,"FAHRENHEIT"
"3B1","26-03-2016 16:50:00",11.685,"FAHRENHEIT"
"3B1","26-03-2016 17:00:00",11.685,"FAHRENHEIT"
"3B1","26-03-2016 17:10:00",11.685,"FAHRENHEIT"
"3B1","26-03-2016 17:20:00",11.685,"FAHRENHEIT"
"3B1","26-03-2016 17:30:00",11.07,"FAHRENHEIT"
"3B1","26-03-2016 17:40:00",11.07,"FAHRENHEIT"
"3B1","26-03-2016 17:50:00",10.455,"FAHRENHEIT"
"3B1","26-03-2016 18:00:00",11.07,"FAHRENHEIT"
"3B1","26-03-2016 18:10:00",10.455,"FAHRENHEIT"
"3B1","26-03-2016 18:20:00",10.455,"FAHRENHEIT"
"3B1","26-03-2016 18:30:00",10.455,"FAHRENHEIT"
"3B1","26-03-2016 18:40:00",10.455,"FAHRENHEIT"
"3B1","26-03-2016 18:50:00",10.455,"FAHRENHEIT"
"3B1","26-03-2016 19:00:00",9.84,"FAHRENHEIT"
"3B1","26-03-2016 19:10:00",10.455,"FAHRENHEIT"
"3B1","26-03-2016 19:20:00",9.84,"FAHRENHEIT"
"3B1","26-03-2016 19:30:00",9.84,"FAHRENHEIT"
"3B1","26-03-2016 19:40:00",9.84,"FAHRENHEIT"
"3B1","26-03-2016 19:50:00",9.84,"FAHRENHEIT"
"3B1","26-03-2016 20:00:00",10.455,"FAHRENHEIT"
"3B1","26-03-2016 20:10:00",9.84,"FAHRENHEIT"
"3B1","26-03-2016 20:20:00",9.84,"FAHRENHEIT"
"3B1","26-03-2016 20:30:00",9.225,"FAHRENHEIT"
"3B1","26-03-2016 20:40:00",9.225,"FAHRENHEIT"
"3B1","26-03-2016 20:50:00",9.225,"FAHRENHEIT"
"3B1","26-03-2016 21:00:00",9.225,"FAHRENHEIT"
"3B1","26-03-2016 21:10:00",9.84,"FAHRENHEIT"
"3B1","26-03-2016 21:20:00",9.225,"FAHRENHEIT"
"3B1","26-03-2016 21:30:00",9.225,"FAHRENHEIT"
"3B1","26-03-2016 21:40:00",9.225,"FAHRENHEIT"
"3B1","26-03-2016 21:50:00",9.225,"FAHRENHEIT"
"3B1","26-03-2016 22:00:00",9.225,"FAHRENHEIT"
"3B1","26-03-2016 22:10:00",28.29,"FAHRENHEIT"
"3B1","26-03-2016 22:20:00",12.3,"FAHRENHEIT"
"3B1","26-03-2016 22:30:00",10.455,"FAHRENHEIT"
"3B1","26-03-2016 22:40:00",10.455,"FAHRENHEIT"
"3B1","26-03-2016 22:50:00",11.07,"FAHRENHEIT"
"3B1","26-03-2016 23:00:00",11.07,"FAHRENHEIT"
"3B1","26-03-2016 23:10:00",11.07,"FAHRENHEIT"
"3B1","26-03-2016 23:20:00",10.455,"FAHRENHEIT"
"3B1","26-03-2016 23:30:00",10.455,"FAHRENHEIT"
"3B1","26-03-2016 23:40:00",10.455,"FAHRENHEIT"
"3B1","26-03-2016 23:50:00",23.37,"FAHRENHEIT"
